id,firstname,lastname,email,email2,profession
20,Cindelyn,Goerke,Cindelyn.Goerke@yopmail.com,Cindelyn.Goerke@gmail.com,doctor
21,Maryellen,Blake,Maryellen.Blake@yopmail.com,Maryellen.Blake@gmail.com,doctor
22,Marnia,Sandye,Marnia.Sandye@yopmail.com,Marnia.Sandye@gmail.com,worker
23,Rubie,Jacqui,Rubie.Jacqui@yopmail.com,Rubie.Jacqui@gmail.com,firefighter
24,Barbi,Tannie,Barbi.Tannie@yopmail.com,Barbi.Tannie@gmail.com,worker
25,Drucie,Zachary,Drucie.Zachary@yopmail.com,Drucie.Zachary@gmail.com,firefighter
26,Sybille,Firmin,Sybille.Firmin@yopmail.com,Sybille.Firmin@gmail.com,developer
27,Bobinette,Rosalba,Bobinette.Rosalba@yopmail.com,Bobinette.Rosalba@gmail.com,police officer
28,Norine,Bluh,Norine.Bluh@yopmail.com,Norine.Bluh@gmail.com,doctor
29,Olwen,Rurik,Olwen.Rurik@yopmail.com,Olwen.Rurik@gmail.com,doctor
30,Lauryn,Gwenore,Lauryn.Gwenore@yopmail.com,Lauryn.Gwenore@gmail.com,police officer
31,Jenilee,Calhoun,Jenilee.Calhoun@yopmail.com,Jenilee.Calhoun@gmail.com,developer
32,Adelle,Allina,Adelle.Allina@yopmail.com,Adelle.Allina@gmail.com,worker
33,Marinna,Dorothy,Marinna.Dorothy@yopmail.com,Marinna.Dorothy@gmail.com,firefighter
34,Briney,Huggins,Briney.Huggins@yopmail.com,Briney.Huggins@gmail.com,developer
35,Arabel,Reneta,Arabel.Reneta@yopmail.com,Arabel.Reneta@gmail.com,police officer
36,Cristabel,Chandler,Cristabel.Chandler@yopmail.com,Cristabel.Chandler@gmail.com,developer
37,Karly,Urania,Karly.Urania@yopmail.com,Karly.Urania@gmail.com,firefighter
38,Camile,Bergman,Camile.Bergman@yopmail.com,Camile.Bergman@gmail.com,developer
39,Lucy,Killigrew,Lucy.Killigrew@yopmail.com,Lucy.Killigrew@gmail.com,developer
40,Minda,Freddi,Minda.Freddi@yopmail.com,Minda.Freddi@gmail.com,police officer
41,Daune,Couture,Daune.Couture@yopmail.com,Daune.Couture@gmail.com,developer
42,Zia,Helve,Zia.Helve@yopmail.com,Zia.Helve@gmail.com,worker
43,Elora,Arne,Elora.Arne@yopmail.com,Elora.Arne@gmail.com,firefighter
44,Lynnea,Yuille,Lynnea.Yuille@yopmail.com,Lynnea.Yuille@gmail.com,worker
45,Jordan,Cosenza,Jordan.Cosenza@yopmail.com,Jordan.Cosenza@gmail.com,worker
46,Randa,Erskine,Randa.Erskine@yopmail.com,Randa.Erskine@gmail.com,developer
47,Patricia,Keelia,Patricia.Keelia@yopmail.com,Patricia.Keelia@gmail.com,police officer
48,Albertina,Stanwood,Albertina.Stanwood@yopmail.com,Albertina.Stanwood@gmail.com,doctor
49,Sophia,Viddah,Sophia.Viddah@yopmail.com,Sophia.Viddah@gmail.com,worker
50,Margette,Sadowski,Margette.Sadowski@yopmail.com,Margette.Sadowski@gmail.com,developer
51,Nollie,Maryanne,Nollie.Maryanne@yopmail.com,Nollie.Maryanne@gmail.com,developer
52,Konstance,Penelopa,Konstance.Penelopa@yopmail.com,Konstance.Penelopa@gmail.com,developer
53,Darci,Neva,Darci.Neva@yopmail.com,Darci.Neva@gmail.com,worker
54,Hildegaard,Kenwood,Hildegaard.Kenwood@yopmail.com,Hildegaard.Kenwood@gmail.com,firefighter
55,Jessy,Edee,Jessy.Edee@yopmail.com,Jessy.Edee@gmail.com,developer
56,Anica,Connelly,Anica.Connelly@yopmail.com,Anica.Connelly@gmail.com,doctor
57,Brana,Lymann,Brana.Lymann@yopmail.com,Brana.Lymann@gmail.com,developer
58,Cissiee,Jeanne,Cissiee.Jeanne@yopmail.com,Cissiee.Jeanne@gmail.com,worker
59,Orelia,Alva,Orelia.Alva@yopmail.com,Orelia.Alva@gmail.com,firefighter
60,Elie,Creamer,Elie.Creamer@yopmail.com,Elie.Creamer@gmail.com,doctor
61,Tori,Dorcy,Tori.Dorcy@yopmail.com,Tori.Dorcy@gmail.com,firefighter
62,Tybie,Alexandr,Tybie.Alexandr@yopmail.com,Tybie.Alexandr@gmail.com,firefighter
63,Heida,Vilma,Heida.Vilma@yopmail.com,Heida.Vilma@gmail.com,developer
64,Caressa,Christal,Caressa.Christal@yopmail.com,Caressa.Christal@gmail.com,worker
65,Talya,Colp,Talya.Colp@yopmail.com,Talya.Colp@gmail.com,firefighter
66,Neila,Waite,Neila.Waite@yopmail.com,Neila.Waite@gmail.com,doctor
67,Dorothy,Rurik,Dorothy.Rurik@yopmail.com,Dorothy.Rurik@gmail.com,doctor
68,Sophia,Dimitris,Sophia.Dimitris@yopmail.com,Sophia.Dimitris@gmail.com,police officer
69,Ardys,Aida,Ardys.Aida@yopmail.com,Ardys.Aida@gmail.com,doctor
70,Deirdre,Winthorpe,Deirdre.Winthorpe@yopmail.com,Deirdre.Winthorpe@gmail.com,worker
71,Jerry,Burkle,Jerry.Burkle@yopmail.com,Jerry.Burkle@gmail.com,worker
72,Tani,Tound,Tani.Tound@yopmail.com,Tani.Tound@gmail.com,worker
73,Patricia,Amadas,Patricia.Amadas@yopmail.com,Patricia.Amadas@gmail.com,firefighter
74,Tomasina,Koehler,Tomasina.Koehler@yopmail.com,Tomasina.Koehler@gmail.com,doctor
75,Adelle,Albertine,Adelle.Albertine@yopmail.com,Adelle.Albertine@gmail.com,developer
76,Cherilyn,Dash,Cherilyn.Dash@yopmail.com,Cherilyn.Dash@gmail.com,developer
77,Georgina,Anyah,Georgina.Anyah@yopmail.com,Georgina.Anyah@gmail.com,police officer
78,Caritta,Janith,Caritta.Janith@yopmail.com,Caritta.Janith@gmail.com,doctor
79,Darci,Arvo,Darci.Arvo@yopmail.com,Darci.Arvo@gmail.com,worker
80,Pierette,Bluh,Pierette.Bluh@yopmail.com,Pierette.Bluh@gmail.com,worker
81,Netty,Love,Netty.Love@yopmail.com,Netty.Love@gmail.com,police officer
82,Frieda,Oscar,Frieda.Oscar@yopmail.com,Frieda.Oscar@gmail.com,firefighter
83,Tilly,Millda,Tilly.Millda@yopmail.com,Tilly.Millda@gmail.com,developer
84,Karly,Lorain,Karly.Lorain@yopmail.com,Karly.Lorain@gmail.com,worker
85,Arlena,Idelia,Arlena.Idelia@yopmail.com,Arlena.Idelia@gmail.com,developer
86,Oralee,Read,Oralee.Read@yopmail.com,Oralee.Read@gmail.com,worker
87,Jordan,Kinnard,Jordan.Kinnard@yopmail.com,Jordan.Kinnard@gmail.com,police officer
88,Marylou,Rocray,Marylou.Rocray@yopmail.com,Marylou.Rocray@gmail.com,firefighter
89,Libbie,Audly,Libbie.Audly@yopmail.com,Libbie.Audly@gmail.com,firefighter
90,Minne,Regan,Minne.Regan@yopmail.com,Minne.Regan@gmail.com,worker
91,Charmaine,Yuille,Charmaine.Yuille@yopmail.com,Charmaine.Yuille@gmail.com,developer
92,Addia,Knowling,Addia.Knowling@yopmail.com,Addia.Knowling@gmail.com,firefighter
93,Blondelle,Stefa,Blondelle.Stefa@yopmail.com,Blondelle.Stefa@gmail.com,worker
94,Luci,Weaks,Luci.Weaks@yopmail.com,Luci.Weaks@gmail.com,worker
95,Dede,Tayib,Dede.Tayib@yopmail.com,Dede.Tayib@gmail.com,doctor
96,Fredericka,Hylan,Fredericka.Hylan@yopmail.com,Fredericka.Hylan@gmail.com,doctor
97,Britni,Ackerley,Britni.Ackerley@yopmail.com,Britni.Ackerley@gmail.com,worker
98,Tersina,Louanna,Tersina.Louanna@yopmail.com,Tersina.Louanna@gmail.com,firefighter
99,Fred,Terrence,Fred.Terrence@yopmail.com,Fred.Terrence@gmail.com,firefighter
100,Hettie,Zaslow,Hettie.Zaslow@yopmail.com,Hettie.Zaslow@gmail.com,worker